[
  {
    "name": "Janaina Mendes de Sousa",
    "email": "jemeso@gmail.com",
    "amount": 1335.22,
    "since": "2021-01-10T10:30:00Z"
  },
  {
    "name": "Beatrice de Almeida",
    "email": "bea@gmail.com",
    "amount": 4430.84,
    "since": "2021-01-10T10:30:00Z"
  },
  {
    "name": "Esther Carreiro ",
    "email": "esther@gmail.com",
    "amount": 770.00,
    "since": "2021-03-10T10:30:00Z"
  },
  {
    "name": "Alonso Valim Frade",
    "email": "alova@gmail.com",
    "amount": 9975.10,
    "since": "2020-07-10T10:30:00Z"
  },
  {
    "name": "Érica Picão Calçada",
    "email": "épicalçada@gmail.com",
    "amount": 114.00,
    "since": "2021-01-10T10:30:00Z"
  },
  {
    "name": "Sílvio Melgaço Inácio",
    "email": "simel@gmail.com",
    "amount": 5667.87,
    "since": "2021-01-10T10:30:00Z"
  },
  {
    "name": "Kataleya Cruz Lobo",
    "email": "kett@gmail.com",
    "amount": 183.3,
    "since": "2020-11-10T10:30:00Z"
  },
  {
    "name": "Zara Roçadas Ulhoa",
    "email": "zara@gmail.com",
    "amount": 3409.8,
    "since": "2021-2-10T10:30:00Z"
  },
  {
    "name": "Mauri Barata Tristão",
    "email": "mamauzao@gmail.com",
    "amount": 7401.54,
    "since": "2021-01-10T10:30:00Z"
  },
  {
    "name": "Leonor Farias Mondragão",
    "email": "leol@gmail.com",
    "amount": 5463.18,
    "since": "2020-07-10T10:30:00Z"
  },
  {
    "name": "Jasmina Casqueira Castro",
    "email": "jasminen@gmail.com",
    "amount": 5867.15,
    "since": "2020-01-10T10:30:00Z"
  },
  {
    "name": "Alba Murteira Fiães",
    "email": "albavei@gmail.com",
    "amount": 9676.14,
    "since": "2019-10-10T10:30:00Z"
  }
]